Playlist ID,Add new videos to top,Playlist Description (Original),Playlist Image 1 Create Timestamp,Playlist Image 1 URL,Playlist Image 1 Height,Playlist Image 1 Width,Playlist Image 2 Create Timestamp,Playlist Image 2 URL,Playlist Image 2 Height,Playlist Image 2 Width,Playlist Image 3 Create Timestamp,Playlist Image 3 URL,Playlist Image 3 Height,Playlist Image 3 Width,Playlist Title (Original),Playlist Title (Original) Language,Playlist Create Timestamp,Playlist Update Timestamp,Playlist Video Order,Playlist Visibility
PLz_UL9nXbu8pSmxAJPHTPZ7czwHodENn5,False,,,,,,,,,,,,,,AI TUTORIAL,,2026-04-06T08:17:16+00:00,2026-04-06T08:17:35+00:00,Manual,Private
PLz_UL9nXbu8oUDjX8iaus8SZJYA6kiGQO,False,,2026-05-21T03:51:15.319290755+00:00,https://yt3.googleusercontent.com/Jdutfa9VHERPRPUjHHziQxYVlwvXnjYsD0A-oI7nsYOnC5uNH5Vnu1RdL_cOYOfllYQUTyaPNTw-,1000,1000,2026-07-15T10:28:57.024492152+00:00,https://yt3.googleusercontent.com/FIal8XAXzYTsECXKNsO1S4hQjMVL2-Kim_u6d23Y5dT7vDr7P0pHeAWQj-3Ov0U1rbw8PR9g3hw,1000,1000,,,,,MILLENNIAL PARTY,,2025-04-05T01:59:22+00:00,2026-07-15T10:28:57+00:00,Manual,Public
PLz_UL9nXbu8rAzAuvT5PNM4oUWAK0h7nE,False,,,,,,,,,,,,,,Now,,2025-03-02T09:22:12+00:00,2025-03-02T09:22:12+00:00,Manual,Private
PLz_UL9nXbu8oMpQt1roqgFSp7Pt0cwmno,False,"Months in the making, this is the authoritative and official collection of The Best™ music that has been released on Apple Music",,,,,,,,,,,,,Archive ,,2025-03-02T09:22:11+00:00,2025-03-02T09:22:11+00:00,Manual,Private
PLz_UL9nXbu8ozMjz-H4DmkEprO7alLVPp,False,,,,,,,,,,,,,,POD,,2025-02-01T06:05:26+00:00,2025-02-01T06:06:56+00:00,Manual,Public
PLz_UL9nXbu8rBmM6-bgM19z924pKOyY1V,False,,,,,,,,,,,,,,Sad,,2025-01-30T06:26:13+00:00,2025-02-03T04:15:13+00:00,Manual,Public
PLz_UL9nXbu8rMR4-wSI-Li8C0cM1vJoWb,False,,,,,,,,,,,,,,Panic,,2024-12-23T05:28:53+00:00,2025-01-01T06:40:15+00:00,Manual,Public
PLz_UL9nXbu8r3yBH9rOcnve0Y1Iog1_Lb,False,Playlist converted by Soundiiz from another music platform ! https://soundiiz.com,2026-05-23T02:09:12.715426487+00:00,https://yt3.googleusercontent.com/2jy7yAPtjglgj4ABx95LUpTmlM-PGwkSimV991BhCQhqpBhSs5NZcG4U-jqSxswpRzkoPklJXPw,1000,1000,2026-07-09T08:04:21.886426183+00:00,https://yt3.googleusercontent.com/QvH4gaTC3A27N8m75UpqNOuUIsTQZ9MDE-uzSwWcVFrg_jLvoiO3JpyDgyoMSAR4jkSRn0eMeQ,1000,1000,,,,,Serato 1,,2024-11-19T07:44:24+00:00,2026-07-09T08:04:22+00:00,Manual,Private
PLz_UL9nXbu8rrB32QlH7IgT23ZSBrs6Ia,False,Playlist converted by Soundiiz from another music platform ! https://soundiiz.com,2025-05-30T23:25:24.472358926+00:00,https://yt3.googleusercontent.com/6YkOJrqAwbWNJbrlpbBi51QfKByYjME5dXU-ejfx32BRB0Ja1ma_eDo5xbwxVIt2Ty-u0EsEZCIZ,1000,1000,2026-07-10T04:10:00.415368979+00:00,https://yt3.googleusercontent.com/bR_XghnciQtTC0yYUH_5eO0pMmbUf9hInAT2h0ZZq28R_iRAlqRoXWNWCLTZ2lzLF_bYfKdNDw,1000,1000,,,,,Serato 2,,2024-11-19T07:29:43+00:00,2026-07-10T04:10:00+00:00,Manual,Private
PLz_UL9nXbu8rNhAvWLoLrwpMgVLnUOgmi,False,Playlist converted by Soundiiz from another music platform ! https://soundiiz.com,2026-07-14T02:12:30.447200953+00:00,https://yt3.googleusercontent.com/N-y44HlwgcyikAH8cyd1PN_7NOfrqfGFvIoo__JatgmoThlOVG6PVMyXtaZt16YWroImyupFawU,1000,1000,2025-05-16T19:21:03.912335455+00:00,https://yt3.googleusercontent.com/qWX49H6qsAEO4Po9zl54V3v8-cDRnQDnMvgajiLPiHY4H0zltFoj4-I8p_5vNIKeA6hGZ5649vEt,1000,1000,,,,,Archive,,2024-11-18T06:12:31+00:00,2026-07-14T02:12:30+00:00,Date Added (Oldest),Private
PLz_UL9nXbu8rWEBL9oIdQAMCU2w2tX551,False,,2025-12-23T04:25:46.170014592+00:00,https://yt3.googleusercontent.com/8utG8mCMnoLhRGMXeWa_314BOf_606Kf2CBkidbmmEnLzE2wbwvMPkINZ_uKvt_B2VrCRtJ5O4-Q,1000,1000,2026-06-21T01:41:58.165340158+00:00,https://yt3.googleusercontent.com/Kej3XPAGKHLewpRjuEAyWoiz1XPGb1hrtiMebQpnhmRZPn4m2-TuB-s65vaLWy2KvRcor21EMIw,1000,1000,,,,,NYC,,2023-11-18T07:08:46+00:00,2026-06-21T01:41:58+00:00,Manual,Public
PLz_UL9nXbu8r3VtwMgCx2EplgcRg0n-7t,False,,2026-07-17T07:14:24.356274391+00:00,https://yt3.googleusercontent.com/lkIm2R27ALfchHcLW5VzXHuHrTpR7wkHC2Nr4fayjhSzWEI2r1UvqNzMvZjn7p1zJlRnfiIFoHQ,1000,1000,2026-07-12T05:40:42.102744303+00:00,https://yt3.googleusercontent.com/M12Gg_-K486fzrMkUkSlgf2h1GNXFLXmgKkX_Y7jk5_Rp05ZIAqcqU4QaqZs0xv0kaAZbF_dVyWv,1000,1000,,,,,ARCHIVE DL,,2023-10-15T04:21:45+00:00,2026-07-17T07:14:24+00:00,Manual,Public
PLz_UL9nXbu8rHVI2eCCaY80Z78hlIDHie,False,,2026-07-13T11:23:23.532045189+00:00,https://yt3.googleusercontent.com/3HQMFObWEts2JtTDNgUYtcPTuBUXjrJhiBUGZMWsTV0lWKJB4NvSIS85mept7Be3ioxMAKxGeQ,1000,1000,2026-05-10T03:15:32.179057658+00:00,https://yt3.googleusercontent.com/lr-Bu_Xl529o_gwBD1Mjc6qN_YUFjRmYIAQeONf0nn7DjsUf5RYtGbhx1ncxv48dSzmJa_kPKGI,1000,1000,,,,,THE PRESTIGE MILLENNIAL PLAYLIST,,2022-09-17T03:22:24+00:00,2026-07-13T11:23:23+00:00,Manual,Public
PLz_UL9nXbu8pJb0OwtmwBeebM7rk3HIIn,False,,2023-11-18T07:16:22.552204513+00:00,https://yt3.googleusercontent.com/xxVdfgYDOiqFbORbWk3skvaU7y68FPrQmXUJZjmHY1f4v-Tt_ep49NLInHeb4J9mQaHIVH_9Cw,1000,1000,2026-05-08T09:14:23.277509015+00:00,https://yt3.googleusercontent.com/qRblFg2eaI716EPyObkdjgvWA8Ls1_5IXtIyLbYxX-HELd2_gi9t7I6PpcFcaFwrRJh6dw-NXA_2,1000,1000,,,,,NON CLOUD FAVS,,2022-09-17T03:15:40+00:00,2026-05-08T09:14:23+00:00,Manual,Public
PLz_UL9nXbu8pxCp96GRaAb3SD8vmai0V1,False,,,,,,,,,,,,,,#production,,2022-09-14T03:37:07+00:00,2022-09-17T03:30:23+00:00,Manual,Public
PLz_UL9nXbu8oDDlNyxNd-wGOgwq40Wx8g,False,Best #1,2025-02-01T05:18:00.376427368+00:00,,1024,1024,2026-07-12T10:07:30.566844692+00:00,https://yt3.googleusercontent.com/KzGc7MByrub9Pv19UQXokR1g3njtDxL8gQOIMyYl8Z_k_kFfkWqdJmU1bySqUxuw5otrDcMZakDV,1000,1000,2025-05-17T00:17:59.427399066+00:00,https://yt3.googleusercontent.com/HM8tEaKqoBv0vHxDJd1T-HgutrrNsxTfUTCXA34fF1Vw4X8IgaawtNF4stPeQsNPm24djbroBA,1000,1000,MILLENNIAL UNDERGROUND VIP,,2022-09-13T06:35:33+00:00,2026-07-12T10:07:30+00:00,Manual,Public
PLz_UL9nXbu8p1FiDXaMyaqYX9McJbeofM,False,,,,,,,,,,,,,,Rare,,2022-09-13T06:17:43+00:00,2023-01-26T05:48:41+00:00,Manual,Public
PLz_UL9nXbu8oxF4O5-aXTXlkJz_nZwhY8,False,,,,,,,,,,,,,,My stuff,,2022-09-13T05:20:41+00:00,2022-09-20T03:58:23+00:00,Manual,Public
PLz_UL9nXbu8qvEsk34Z490cAKKe9Q12gE,False,,2026-03-02T06:05:42.529318236+00:00,https://yt3.googleusercontent.com/BiAdemNMRti_gAbaQNOOP51dLOZXDnWLafVGOSRtThr1GKie_928DWCTc2YL22WWSuFY8tUX5g,1000,1000,2025-01-14T02:02:53.658370533+00:00,https://yt3.googleusercontent.com/9KIr_R-dVM6sZyplS5vyoM6zgFliHNV111e3I4nwOEO5KPKJTjxd38fueGzhOQhqqUCnpX8qJpQ,1000,1000,,,,,**Master List,,2022-09-13T03:45:47+00:00,2026-03-02T06:05:42+00:00,Manual,Public
PLz_UL9nXbu8o44GkCA30hwSuWXoJ0wV3N,False,,,,,,,,,,,,,,FINDS,,2018-02-21T21:49:49+00:00,2018-03-03T04:00:13+00:00,Manual,Private
PLz_UL9nXbu8rIQs-VJ8yMdHGFneq0CzvZ,False,,,,,,,,,,,,,,The Trump Era,,2017-02-13T19:52:53+00:00,2017-02-13T19:52:53+00:00,Manual,Public
PLz_UL9nXbu8pOY2wbgsYPMbhrerDtzqBa,False,,,,,,,,,,,,,,O&A vs Hoo Hoo,,2013-11-07T07:10:36+00:00,2013-11-07T07:11:41+00:00,Manual,Public
FL2ivwKiOnpQPvzkb-XR5ICA,True,,,,,,,,,,,,,,Favorites,en_US,2013-08-29T01:21:38+00:00,2026-04-06T08:12:27+00:00,Manual,Public
PLz_UL9nXbu8pxu7UQobx0L1sfrXzQqmaO,False,the best the best the best the best the best the best,,,,,,,,,,,,,QI 160 Full Episodes,,2012-10-01T05:45:58+00:00,2014-05-17T06:59:49+00:00,Manual,Public
PL026F46E238EC7F0C,False,,,,,,,,,,,,,,OA Best Clips,,2012-07-11T21:03:14+00:00,2025-08-15T22:31:05+00:00,Manual,Public
PLz_UL9nXbu8r2wSvD6DUBhveopnGzw-rq,False,,,,,,,,,,,,,,***Florida 08-10,,2011-08-24T01:03:01+00:00,2025-03-04T20:24:46+00:00,Manual,Private
PL87713633F4C9CB70,False,,,,,,,,,,,,,,Watch later,en_US,2011-06-30T19:09:21+00:00,2026-06-12T10:18:25+00:00,Manual,Private
PLz_UL9nXbu8ra6ru7Sn-atVpgOAQLRLJX,False,,,,,,,,,,,,,,Fixed with TidySongs,,2011-06-25T08:25:52+00:00,2011-06-25T08:25:52+00:00,Manual,Private
PLz_UL9nXbu8pp3KWHAf5m2hV95EJOjzX8,False,,,,,,,,,,,,,,Deluxe Dubstep,,2011-06-25T08:25:52+00:00,2011-08-24T19:18:16+00:00,Manual,Private
PLz_UL9nXbu8qIPvZ0NuljbhJkwwgiLfRO,False,,,,,,,,,,,,,,Top 25 Elliott Smith Songs,,2011-06-25T08:25:52+00:00,2011-08-24T20:02:19+00:00,Manual,Private
PLz_UL9nXbu8r_56Em9FccJPC6uqae3Uin,False,,,,,,,,,,,,,,Manual DL,,2011-06-25T08:25:52+00:00,2011-06-25T08:25:52+00:00,Manual,Private
PLz_UL9nXbu8q20XDF_2EYeSOs1J6kZE-M,False,,,,,,,,,,,,,,Dubstep Collection 1-8,,2011-06-25T08:25:52+00:00,2011-06-25T08:25:52+00:00,Manual,Private
PLz_UL9nXbu8rc9NLvbDxRFfSvy8USbWlA,False,,,,,,,,,,,,,,80's Top 100,,2011-06-25T08:25:52+00:00,2011-06-25T08:25:52+00:00,Manual,Private
PLz_UL9nXbu8rcsWtYmshI21CK5OnagYJq,False,,,,,,,,,,,,,,Analyzed,,2011-06-25T08:25:52+00:00,2025-02-19T02:51:21+00:00,Manual,Private
PLz_UL9nXbu8rsptj342x9TM96tpdKsKhf,False,,,,,,,,,,,,,,Enter The Dubstep,,2011-06-25T08:25:52+00:00,2011-08-24T19:22:52+00:00,Manual,Private
PLz_UL9nXbu8r9k2drUJ-J-mxKSmP9yGsX,False,,,,,,,,,,,,,,This Is Dubstep Vol 2,,2011-06-25T08:25:52+00:00,2011-06-25T08:25:52+00:00,Manual,Private





