Track URI,Track Name,Album Name,Artist Name(s),Release Date,Duration (ms),Popularity,Explicit,Added By,Added At,Genres,Record Label,Danceability,Energy,Key,Loudness,Mode,Speechiness,Acousticness,Instrumentalness,Liveness,Valence,Tempo,Time Signature
spotify:track:764ZCVAqzjPdwY98It4072,Dominate,Dominate,CHYL,2025-10-10,152275,39,False,dfrank88,2025-10-31T13:57:40Z,bass house,"Ultra Records, LLC",0.679,0.94,2,-4.842,1,0.274,0.131,0.0824,0.11,0.198,144.872,4
spotify:track:4KNjK6R0aB4j8IT9LU0o6T,Spellbound,Spellbound,oskar med k,2025-10-24,137790,75,False,dfrank88,2025-10-31T13:57:40Z,,7CULT powered by PULSE.CX,0.772,0.682,1,-6.504,0,0.428,0.641,0.138,0.211,0.331,128.977,4
spotify:track:6qJhrI2BMuA8qHcmycD3fL,TESLA,TESLA,Mau P,2025-08-08,186818,63,True,dfrank88,2025-10-31T13:57:40Z,"tech house,house",Insomniac Records,0.757,0.792,10,-5.507,1,0.044,0.000344,0.864,0.0663,0.708,132.014,4
spotify:track:37iVjhBGNBnxVSuF67TX0H,Cyanide,MINDFULL,NGHTMRE;Viperactive;JT Roach,2025-08-29,186000,48,False,dfrank88,2025-10-31T13:57:40Z,"dubstep,edm,edm trap,future bass,riddim,bass music,deathstep,melodic bass",BMG Rights Management (US) LLC,0.584,0.898,2,-4.772,1,0.044,0.000495,0.497,0.163,0.14,140.0,4
spotify:track:5vu69csqeUJheoQWPd2MoM,LA NOCHE,LA NOCHE,Chris Lake;Skrillex;ANITA B QUEEN,2025-10-03,212244,62,False,dfrank88,2025-10-31T13:57:40Z,"tech house,house,bass house,dubstep,edm,electro,electronic",Black Book Records,0.797,0.777,8,-3.634,1,0.0601,0.000279,0.645,0.0633,0.763,126.993,4
spotify:track:7MGFtEfMe8WolDUfuZ474I,Harmony,Harmony,rSUN,2025-03-07,236618,39,False,dfrank88,2025-10-31T13:57:40Z,bass music,Memory Palace,0.551,0.668,8,-4.719,0,0.0363,0.0666,0.85,0.119,0.0664,139.995,4
spotify:track:5kLCiVEIxFFASV0XWt65D2,4RUNNA,4RUNNA,Dera Meelan,2025-06-13,231125,22,False,dfrank88,2025-10-31T13:57:40Z,,45rpm,0.74,0.873,1,-8.131,1,0.1,0.0127,0.624,0.743,0.374,132.987,4
spotify:track:6uRe0wVj0a53HoWs3KGnb7,Step 2 It,Noise To Dance To,LYNY,2025-10-17,210000,47,False,dfrank88,2025-10-31T13:57:40Z,bass music,Noxious Recordings,0.603,0.893,8,-2.356,0,0.0537,0.0224,0.0116,0.118,0.233,140.139,4
spotify:track:1GfJCWGLfdev016PSsrUO8,Make Me Feel,Make Me Feel,oskar med k,2025-06-20,186240,83,False,dfrank88,2025-10-31T13:57:40Z,,7CULT powered by PULSE.CX,0.797,0.71,6,-8.008,0,0.0862,0.139,0.107,0.152,0.175,124.919,4
spotify:track:02Y5z5UbRPqpXiLHfDRzeK,Coast 2 Coast ft. Flowdan,Coast 2 Coast ft. Flowdan,GRiZ;Flowdan,2025-07-18,174751,48,False,dfrank88,2025-10-31T13:57:40Z,"dubstep,edm,drum and bass,grime,uk garage",GRiZ LLC,0.603,0.989,1,-1.812,1,0.266,0.0134,0.0854,0.355,0.345,139.969,4
spotify:track:1LOjIBinbAVfmVqqELvgLh,ELECTRIC LOVE,ELECTRIC LOVE,AVELLO;HXRT,2025-08-27,164307,51,False,dfrank88,2025-10-31T13:57:40Z,melodic bass,Thrive Music,0.665,0.93,6,-1.523,0,0.0465,0.175,3.87e-06,0.374,0.283,130.072,4
spotify:track:6seStQ8B2Bx2Gnis7LF3cr,BRUK DOWN,BRUK DOWN,Major Lazer;Diplo;Parris Goebel;SadBoi;America Foster,2025-10-24,165692,51,False,dfrank88,2025-10-31T13:57:40Z,"moombahton,sexy drill,uk garage",Mad Decent,0.789,0.62,1,-8.258,1,0.0652,0.00204,0.00129,0.593,0.339,130.114,4
spotify:track:52LWiiRlohdA6DQ0PvIwgX,Lose Control,Lose Control,Jauz,2025-09-19,176250,40,False,dfrank88,2025-10-31T13:57:40Z,"bass house,edm,future house,dubstep,electro house",Bite This!,0.701,0.867,11,-2.174,1,0.0389,0.0311,0.106,0.0811,0.114,127.995,4
spotify:track:3EzDk1bmMrFFTaH1qt1KkL,Shantique,Shantique / Double,CØNTRA,2025-10-15,254489,38,False,dfrank88,2025-10-31T13:57:40Z,bass music,Deep Dark & Dangerous,0.598,0.703,2,-5.911,1,0.0645,0.00462,0.077,0.114,0.0394,140.056,4
spotify:track:6ewgmx37XRRI3WZgtUbEEY,Cash Out - YDG Remix,Cash Out (YDG Remix),SIDEPIECE;Bobby Shmurda;YDG,2025-09-12,123428,41,True,dfrank88,2025-10-31T13:57:40Z,"tech house,edm,house,riddim,dubstep",LIP SERVICE,0.609,0.981,11,-3.181,1,0.0713,0.00561,0.000312,0.12,0.0564,139.997,4
spotify:track:0fK7ie6XwGxQTIkpFoWkd1,like JENNIE,Ruby,JENNIE,2025-03-07,123517,87,True,dfrank88,2025-10-31T13:57:40Z,k-pop,OA Entertainment/Columbia,0.811,0.743,10,-5.321,0,0.0611,0.281,0.00671,0.0868,0.815,130.019,4
spotify:track:7K5nNgiuXg5JWM4e13V0Dq,Decimate,Decimate,Edison Cole,2025-09-26,167200,15,False,dfrank88,2025-10-31T13:57:40Z,dubstep,Bite This!,0.378,0.996,4,-0.746,0,0.411,0.0331,0.0102,0.293,0.256,149.574,4
spotify:track:7D3bAkuBmpTDksMwEgVBp6,ONLYFORYOU.,ONLYFORYOU.,Holmesick,2025-07-04,188689,50,False,dfrank88,2025-10-31T13:57:40Z,,Joytime Collective,0.623,0.887,8,-4.131,0,0.0359,0.0366,0.0352,0.0941,0.105,145.042,4
spotify:track:7amTNi6wRWUzvAh5aC9fmd,Blue,Blue,Hairitage,2025-10-22,185600,41,False,dfrank88,2025-10-31T13:57:40Z,"dubstep,riddim,deathstep,bass music",Monstercat,0.398,0.807,3,-1.675,0,0.0504,0.00345,0.648,0.159,0.143,150.031,4
spotify:track:2AJzSl2iYq7Thk2P535MwI,Diet Coke,Diet Coke,Fallon,2025-10-10,155624,61,False,dfrank88,2025-10-31T13:57:40Z,"tech house,latin house,stutter house",Experts Only,0.826,0.628,9,-6.479,1,0.0483,0.0905,0.0633,0.123,0.609,128.003,4
spotify:track:5TApzob787T2WoMrbCknQG,Keep My Luvv,MINDFULL,NGHTMRE;WINK,2025-08-29,176571,35,False,dfrank88,2025-10-31T13:57:40Z,"dubstep,edm,edm trap,future bass,bass music",BMG Rights Management (US) LLC,0.662,0.828,7,-4.149,0,0.0462,0.292,0.00572,0.247,0.176,139.979,4
spotify:track:3FXDzAJ28I5CNC7GWDRn4K,Bring The House Down,Bring The House Down,DJ Snake;Dillon Francis;TRXGGX,2025-10-10,222814,47,False,dfrank88,2025-10-31T13:57:40Z,"moombahton,edm,electro house,edm trap,dubstep,bass music",DJ Snake Music Productions Limited,0.271,0.995,4,-0.561,1,0.164,0.0095,0.473,0.607,0.265,144.936,4
spotify:track:3RE3izHxUijcckK3JDLLq5,Stay With The Tempo,Stay With The Tempo,Flux Pavilion;Habstrakt,2025-09-25,214218,40,False,dfrank88,2025-10-31T13:57:40Z,"dubstep,edm,dub,bass house,g-house,bassline",Circus Records,0.594,0.954,6,-3.178,1,0.0784,0.00226,0.878,0.927,0.363,128.097,4
spotify:track:4orH1YqyAjXBtBr0DfsqjV,Swag Surfin',Swag Surfin',Whethan,2025-10-03,228368,56,False,dfrank88,2025-10-31T13:57:40Z,,Wallflower Records,0.728,0.845,2,-5.264,1,0.089,0.00582,0.0293,0.262,0.344,144.038,4
spotify:track:7AoZ39tdZt9OLEsfQ6bdiA,SAVE U,SAVE U,SVDKO;Klo,2025-05-30,161142,33,False,dfrank88,2025-10-31T13:57:40Z,"uk garage,stutter house",Boom Records LLC,0.694,0.772,2,-6.547,1,0.0454,0.116,0.762,0.254,0.185,139.976,4
spotify:track:6M3EGEavhttWiN2IsYB282,You & Me,You & Me,AC Slater;Qlank;Col3man,2025-06-27,205568,41,False,dfrank88,2025-10-31T13:57:40Z,"bass house,bassline,g-house,uk garage",Night Bass Records,0.811,0.527,11,-6.655,1,0.119,0.259,0.000256,0.119,0.101,131.965,4
spotify:track:4L7w7nmwyABdYPesCdmjKP,Show You,Show You,rSUN,2025-07-30,228066,47,False,dfrank88,2025-10-31T13:57:40Z,bass music,Tru MGMT,0.482,0.606,11,-3.114,1,0.0363,0.00189,0.0331,0.11,0.0641,139.958,4
spotify:track:5rbZvFArrWYKE0caMq7HnB,Brute (Josh Teed Remix),Ancestors (Remixed),Jaenga;Josh Teed,2025-01-17,241681,33,False,dfrank88,2025-10-31T13:57:40Z,"dubstep,bass music",SubCarbon,0.458,0.716,4,-4.984,0,0.138,0.15,0.513,0.413,0.14,139.796,4
spotify:track:75PrFuEaAaW7oAosEAocdz,BETTER OFF ALONE,BETTER OFF ALONE,AVELLO;glasscat,2025-06-20,208551,47,False,dfrank88,2025-10-31T13:57:40Z,"melodic bass,future bass",AVELLO,0.385,0.987,8,-2.147,0,0.241,0.0171,0.853,0.125,0.183,145.045,4
spotify:track:4hphReh7hXDCFb14FfB7n1,Entwined,Entwined,Sub Focus;Grimes,2025-10-31,220689,60,False,dfrank88,2025-10-31T13:57:40Z,"drum and bass,liquid funk,art pop",Positiva,0.462,0.967,6,1.044,1,0.0476,0.00664,0.0426,0.516,0.0959,173.99,4
spotify:track:3nPwkr8RE4VfhF80fyDVXJ,OK OK,OK OK,Fred again..;Danny Brown;BEAM;PARISI;JPEGMAFIA,2025-10-10,206197,59,False,dfrank88,2025-10-31T13:57:40Z,"stutter house,house,experimental hip hop,alternative hip hop,melodic techno,experimental",Atlantic Records UK,0.703,0.806,2,-6.641,1,0.0682,0.00343,0.0262,0.256,0.484,142.01,4
spotify:track:03g9zBj3bCqIuF7KvRw72z,the floor - fred remix,the floor,Skin On Skin;BEAM;Fred again..,2025-10-17,341250,60,False,dfrank88,2025-10-31T13:57:40Z,"lo-fi house,stutter house,house",Atlantic Records UK,0.671,0.839,10,-7.678,0,0.0839,0.0322,0.572,0.605,0.445,138.024,4
spotify:track:13IFfr6kVUSLb19xnQjMk6,Section,Section,LYNY,2025-07-25,174857,51,False,dfrank88,2025-10-31T13:57:59Z,bass music,Noxious Recordings,0.594,0.87,8,-3.826,1,0.0537,0.0719,0.000194,0.655,0.3,139.933,4
spotify:track:2LIygs54xLMIOlpaLg8hFE,Yeke Yeke,Yeke Yeke,PEEKABOO,2025-09-19,256285,39,False,dfrank88,2025-10-31T13:57:59Z,"dubstep,bass music,riddim",Major Recordings/Warner Records,0.729,0.935,8,-1.209,1,0.103,0.0523,0.0,0.0664,0.559,139.94,4
spotify:track:1XvGtoO3ubLRFHXChk3Q1P,BodyMove,Turn It Up EP,Eliminate,2025-09-12,143450,32,False,dfrank88,2025-10-31T13:57:59Z,"dubstep,riddim,bass music,deathstep,bass house",Eliminate Music,0.591,0.999,4,-0.007,1,0.338,0.0052,0.471,0.362,0.491,173.977,4
spotify:track:275UK4dZzVVgwWMzjRKw2i,Bass Go Silly,Dream Machine,Jaenga,2025-08-08,193883,43,False,dfrank88,2025-10-31T13:57:59Z,"dubstep,bass music",Field Trip Records,0.856,0.689,11,-0.547,1,0.0356,0.0261,0.0907,0.179,0.226,90.022,4
spotify:track:4zzFiS5QEovRo8PRCH16Fk,FREAK NASTY,FREAK NASTY,Pretty Sweet,2025-03-04,138857,49,False,dfrank88,2025-10-31T13:57:59Z,"dubstep,riddim",Pretty Sweet Music,0.625,0.907,5,-1.54,1,0.174,0.261,0.000184,0.16,0.326,139.699,3
spotify:track:0mwlZQjUxspUTpAzLwexw7,P.O.V.,Let God Sort Em Out,"Clipse;Tyler, The Creator;Pusha T;Malice",2025-07-11,258030,66,True,dfrank88,2025-10-31T13:57:59Z,southern hip hop,Roc Nation Distribution,0.636,0.574,10,-10.915,0,0.195,0.0532,0.0,0.123,0.488,156.08,4
spotify:track:4rRTod6LMw93a04uHAh9Ix,Tech Cvlt,Zero Day,Hackwaves;MIDNIGHT CVLT,2025-09-15,223448,10,False,dfrank88,2025-10-31T13:57:59Z,"drum and bass,breakbeat,bass house",Eatbrain,0.504,0.991,7,0.782,1,0.127,3.64e-05,0.615,0.213,0.0773,174.002,4
spotify:track:5NuwEN7sWlqALO3GVNlDRA,Carousel,Carousel,MEWONE!,2025-06-26,187586,4,False,dfrank88,2025-10-31T13:57:59Z,"drum and bass,drumstep",Divine Hate,0.378,0.913,11,-4.293,0,0.0649,0.00708,0.342,0.144,0.0368,174.054,4
spotify:track:4Bu4mjekd4HCC8THjEtnDi,Bussin - Jayceeoh Remix,Bussin - Jayceeoh Remix,MVPZ;The Gaff;Johanna Phraze;Amp Live,2025-05-29,144000,5,False,dfrank88,2025-10-31T13:57:59Z,"uk garage,breakbeat,g-house",MOST VALUABLE RECORDS,0.818,0.878,1,-6.394,1,0.144,0.018,0.0102,0.0709,0.482,130.123,4
spotify:track:2TW3Kl3bF92ySog514hA8w,ARROWS,ARROWS,Dirt Monkey;Eligh,2025-09-10,212800,18,False,dfrank88,2025-10-31T13:57:59Z,"dubstep,riddim,bass music,dub,underground hip hop",19K,0.698,0.728,10,-6.712,0,0.26,0.0895,0.0,0.537,0.461,159.846,4
spotify:track:2iV7bMk39T5hF8rHL0kdCC,Evolution,Evolution,Koji Aiken;Bass Ventura,2025-08-27,215734,25,False,dfrank88,2025-10-31T13:57:59Z,"stutter house,drum and bass",Koji Aiken,0.479,0.95,2,-0.816,1,0.165,0.00118,0.000172,0.594,0.498,146.054,3
spotify:track:4tEjAxqf752XUL2mT6cJba,Don't Stop,Don't Stop,Slang Dogs;rSUN;Zoso,2025-09-12,185142,29,False,dfrank88,2025-10-31T13:57:59Z,"bass music,dubstep,drumstep",TRIPPY BEE RECORDS,0.857,0.926,5,-3.542,1,0.107,0.141,0.253,0.105,0.121,139.992,4
spotify:track:1ZQaqKN2nodOh2KRFOSdtx,White Claw Wobbler,White Claw Wobbler,Casey Club,2025-04-11,195428,30,False,dfrank88,2025-10-31T13:57:59Z,"uk garage,dubstep,bass music,bassline",UKF,0.705,0.946,1,-3.752,1,0.318,0.000639,0.00053,0.193,0.156,140.021,4
spotify:track:7oouv30MA1XJGi0PvCosE7,Light Up,Light Up,Eptic;LYNY,2025-02-26,190285,42,False,dfrank88,2025-10-31T13:57:59Z,"dubstep,riddim,deathstep,bass music,bass house,dub",Overlord Music,0.629,0.981,8,-2.856,0,0.24,0.119,3.42e-05,0.0671,0.606,140.045,4
spotify:track:1De2GzUWYUdwAmRjDz8Qdp,Fractal,Fractal,ERBES;REPLASED,2025-09-26,164571,10,False,dfrank88,2025-10-31T13:57:59Z,"riddim,dubstep,deathstep,bass music",WHY Z MUSIC,0.748,0.591,2,-7.116,1,0.0574,0.00957,0.159,0.14,0.248,139.955,4
spotify:track:3pr4EH9ruCYRhGbicJQDNP,YES!,YES!,Wreckno;Super Future,2025-10-01,141904,26,True,dfrank88,2025-10-31T13:57:59Z,bass music,N-S-E-W,0.814,0.574,6,-6.321,1,0.0392,0.00013,0.122,0.062,0.166,126.008,4
spotify:track:7D8Wc7eLhLoPwZ9q1lij9n,Body Rock,Body Rock,Rova,2025-09-26,176914,33,False,dfrank88,2025-10-31T13:57:59Z,drum and bass,ROVA,0.786,0.976,11,-0.71,0,0.23,0.0153,0.262,0.0861,0.523,175.03,4
spotify:track:2D6makyG9bp5Zve7nUXUP2,Go Mode,Nexum,INZO;Blookah;DijahSB,2025-08-08,232031,48,False,dfrank88,2025-10-31T13:57:59Z,"future bass,hip house,jazz rap",Local Void,0.814,0.893,11,-4.983,1,0.159,0.012,0.0018,0.132,0.401,127.993,4
spotify:track:6mwrQ7UyriEE3P2DVUZzke,GO!,GO!,Jon Casey;PEEKABOO,2025-08-15,141517,39,True,dfrank88,2025-10-31T13:57:59Z,"edm trap,bass music,dubstep,riddim",Monstercat,0.778,0.651,6,-4.881,1,0.555,0.0445,2.06e-06,0.372,0.436,72.004,4
spotify:track:2qs6tpFeTo3BFmc86Y0Y6Q,Head Rock,Head Rock,Mersiv;Sully;Nat James,2025-07-22,213428,37,False,dfrank88,2025-10-31T13:57:59Z,"bass music,dubstep,riddim",WAKAAN,0.669,0.978,9,-2.357,1,0.0849,0.00115,1.71e-06,0.252,0.37,139.919,3
spotify:track:63KF7nZNOjEoPlGhDsRKdd,Headspun,Danger Console,Shanghai Doom,2025-07-11,143513,20,False,dfrank88,2025-10-31T13:57:59Z,"bass music,dubstep,riddim",Shanghai Doom Music,0.857,0.648,11,-3.295,1,0.14,0.000244,0.797,0.166,0.362,148.059,4
spotify:track:1gS8DaYjlzRT8dU8F3908X,DANCE (SAY MY NAME),DANCE (SAY MY NAME),BLVZE,2025-04-04,185678,41,False,dfrank88,2025-10-31T13:57:59Z,"edm trap,bass music",BLVZE,0.672,0.946,2,-3.699,1,0.0385,0.000333,0.197,0.386,0.0909,140.096,4
spotify:track:6DsSjkCfTRyvfNAewQ2BEM,what u want!,what u want!,Rad Cat,2025-09-19,192727,51,False,dfrank88,2025-10-31T13:57:59Z,,Boom Records LLC,0.641,0.982,6,-3.015,1,0.0664,0.000246,0.0958,0.0621,0.102,132.003,4
spotify:track:4ZdbgG1lzEJY5YFWomSnKZ,Headway,Headway,Ashez;Gallium,2025-06-27,195403,42,False,dfrank88,2025-10-31T13:58:15Z,"bass music,drumstep",Qualia,0.796,0.831,10,-5.16,0,0.0934,0.0581,0.872,0.122,0.708,140.048,4
spotify:track:3wWdJGv0iqFJRQ82Uixaiu,What's a Gremlin?,What's a Gremlin?,SIPPY,2025-06-18,140142,41,False,dfrank88,2025-10-31T13:58:15Z,"dubstep,riddim,bass music",Gremlin Records,0.714,0.897,10,-4.228,0,0.103,0.0627,0.0169,0.345,0.554,139.973,4
spotify:track:0FXEclPDVfUNHYDiyAPXYP,Drop In,Drop In,Mary Droppinz,2025-04-16,149793,47,False,dfrank88,2025-10-31T13:58:15Z,uk garage,Deadbeats,0.757,0.55,8,-7.935,0,0.0496,0.0646,0.0334,0.111,0.379,144.961,4
spotify:track:1weRkqokOFNYbLSicGfG8I,Clouds of Smoke,Clouds of Smoke,ETHER,2025-06-04,192000,23,False,dfrank88,2025-10-31T13:58:15Z,,True Form,0.549,0.94,1,-3.763,0,0.33,0.0315,0.00264,0.672,0.488,145.143,4
spotify:track:2q8Vitl14019j7jDORqXwz,Hum it to google,Basspunk 2,Bassvictim;Ngahere Wafer,2025-01-30,117117,46,False,dfrank88,2025-10-31T13:58:15Z,"electroclash,witch house,hyperpop,emo rap",TWIN,0.484,0.831,3,-5.903,0,0.0967,0.0225,0.0565,0.101,0.621,77.957,4
spotify:track:7zTRvRbzMgFBaqQp864JPF,Instinct,Instinct,ERBES,2025-08-29,199680,36,True,dfrank88,2025-10-31T13:58:15Z,"riddim,dubstep,deathstep,bass music",WHY Z MUSIC,0.502,0.676,0,-7.58,1,0.0586,0.0124,0.0994,0.114,0.139,124.974,4
spotify:track:7EyhssM3gS5EwyrRpJ802Z,Sock'em Bop'em,All In,Know Good,2025-07-07,178285,50,True,dfrank88,2025-10-31T13:58:15Z,,KNOW GOOD LLC,0.773,0.527,1,-5.947,1,0.279,0.301,4.87e-05,0.126,0.318,140.03,4
spotify:track:2bSiBDGQsHG2wUeF0y4Vme,Polite - AC Slater Remix,Pearl (Remixes),Anna Lunoe;AC Slater;Shanique Marie,2025-06-20,186303,14,False,dfrank88,2025-10-31T13:58:15Z,"nu disco,bass house,bassline,g-house,uk garage,reggae,ragga",NLV Records,0.876,0.944,7,-4.359,1,0.158,0.0218,0.0263,0.291,0.644,134.015,4
spotify:track:54KY54uI6AJGJOR0MxT56G,SOMETHING ELSE,SOMETHING ELSE,Blurrd Vzn,2025-05-30,118285,25,False,dfrank88,2025-10-31T13:58:15Z,"bass music,dubstep,riddim",MONTA,0.506,0.795,8,-5.763,0,0.188,0.0189,0.153,0.261,0.196,140.18,4
spotify:track:1JFteRyORpC1dXMIKenftc,Go Mode,Go Mode,INZO;Blookah;DijahSB,2025-06-27,232031,35,False,dfrank88,2025-10-31T13:58:15Z,"future bass,hip house,jazz rap",Local Void,0.814,0.893,11,-4.983,1,0.159,0.012,0.0018,0.132,0.4,127.993,4
spotify:track:46WqNBxyjLaxbHMM4BKTA2,PUT IT DOWN - Jkyl & Hyde Remix,PUT IT DOWN (Jkyl & Hyde Remix),Angrybaby;Jkyl & Hyde,2025-05-16,194782,55,False,dfrank88,2025-10-31T13:58:15Z,"stutter house,riddim,dubstep,deathstep,bass music",TH3RD BRAIN,0.738,0.913,6,-3.3,0,0.1,0.183,0.00878,0.155,0.496,138.006,4
spotify:track:4fuRN2DclIn0H2Zz3paFzh,Gates,Gates,Just A Gent;Slowboy,2025-08-04,156098,27,False,dfrank88,2025-10-31T13:58:15Z,"future bass,phonk,brazilian phonk,rally house",Monstercat,0.521,0.91,8,-2.269,0,0.186,0.207,0.555,0.0855,0.465,140.067,4
spotify:track:4j5g0lk3tv7kUWeSlk2s8d,Hustle,Dream Machine,Jaenga;Josh Teed,2025-08-08,236620,25,False,dfrank88,2025-10-31T13:58:15Z,"dubstep,bass music",Field Trip Records,0.665,0.743,2,-2.519,1,0.078,0.00855,0.0015,0.135,0.271,91.991,4
spotify:track:1j82usKGX1GrVQ13NXwawu,Floor It,Floor It,Mt. Eden,2025-08-08,195428,23,False,dfrank88,2025-10-31T13:58:15Z,"chillstep,dubstep",Mt. Eden,0.759,0.836,2,-2.689,1,0.0768,0.00413,0.355,0.0733,0.258,140.016,4
spotify:track:2ymdSGVLQG0WQCfZhGqTyS,Fantasy,HEYZ'D And Confused,Heyz,2025-08-01,192000,36,False,dfrank88,2025-10-31T13:58:15Z,"dubstep,bass music",Bassrush Records,0.382,0.697,1,-2.904,1,0.0389,0.00491,5.52e-05,0.684,0.0347,140.11,4
spotify:track:62UKHYhsdm8q4yTJt0CWpo,Spiral,Spiral,rSUN,2025-08-13,281147,37,False,dfrank88,2025-10-31T13:58:15Z,bass music,Tru MGMT & Good Society,0.443,0.746,8,-4.346,1,0.0547,0.1,0.239,0.133,0.0776,139.914,4
spotify:track:3dNDt0VLKc0xUcuTI20Q73,Innocence 2025,Innocence 2025,NERO;Taiki Nulight,2025-03-13,168000,50,False,dfrank88,2025-10-31T13:58:15Z,"dubstep,dub,bass house,bassline,g-house,uk garage",Polydor Records,0.59,0.607,8,-3.919,1,0.092,0.0135,0.166,0.0873,0.278,139.805,4
spotify:track:1UU97xBiylIgf8mqZ0R7TL,The Largest,The Largest,BERNZIKIAL,2025-07-25,94674,26,True,dfrank88,2025-10-31T13:58:15Z,"riddim,deathstep,dubstep",BERNZIKIAL,0.597,0.775,0,-4.249,1,0.655,0.186,0.0746,0.104,0.0374,73.401,4
spotify:track:5jN9CZatmP4sQWBk6sYU3B,Pyro,Pyro,Feed Me;EMSKI,2025-08-15,301818,28,False,dfrank88,2025-10-31T13:58:15Z,"dubstep,electro house,dub",Sotto Voce,0.722,0.798,6,-4.16,0,0.0525,0.0953,0.0969,0.231,0.316,132.019,4
spotify:track:6SrryrPVbduP7JxQoEls3O,Bebe,Bebe,T & Sugah;Justin Hawkes,2025-07-25,168275,37,False,dfrank88,2025-10-31T13:58:15Z,"drum and bass,liquid funk",Bassrush Records,0.65,0.992,10,-0.508,0,0.0671,0.0303,0.675,0.111,0.484,174.018,4
spotify:track:1vXidQNdc2qr8JPXmaXzY0,Hyperreal,Fluorescence,Big Gigantic;Blanke;ProbCause,2025-06-20,173478,35,False,dfrank88,2025-10-31T13:58:15Z,"melodic bass,future bass,dubstep,edm",Big Gigantic,0.61,0.963,10,-2.475,0,0.117,0.00436,2.06e-05,0.671,0.392,92.02,4
spotify:track:4tuetYH9VyFN6swmsdocZ1,Fangs,Fangs,Mindset;Saka,2025-08-01,122109,19,False,dfrank88,2025-10-31T13:58:15Z,"bass music,drumstep,dubstep",soundslikesaka,0.611,0.812,2,-5.476,1,0.121,0.00377,0.843,0.0898,0.174,127.991,4
spotify:track:78nx0HDJIFD5xDq2L5420Z,Blessings,Blessings,Calvin Harris;Clementine Douglas,2025-05-09,219650,82,False,dfrank88,2025-10-31T13:58:15Z,edm,Columbia,0.721,0.875,11,-4.125,0,0.0557,0.0022,0.0285,0.0888,0.642,129.913,4
spotify:track:23iKK3KMQjKCcYJfe0stqE,1 More Night,1 More Night,Axel Boy,2025-04-18,234857,11,False,dfrank88,2025-10-31T13:58:15Z,"bass house,bassline,dubstep,drum and bass",Axel Boy,0.609,0.954,11,-3.249,0,0.0467,0.00143,0.0501,0.117,0.337,140.04,4
spotify:track:2vwDjFZGma27ITt4lOpSDD,Baby - NXSTY & RYA Remix,Baby (Remix),Habstrakt;NXSTY;RYA,2025-04-25,160459,24,False,dfrank88,2025-10-31T13:58:15Z,"bass house,g-house,dubstep,bassline",Distorted Reality Records,0.729,0.855,6,-3.229,0,0.0891,0.0009,0.141,0.0665,0.249,132.134,4
spotify:track:0o2h4dylUGtAcQ8gwMWrP3,CLOSER,CLOSER,VANDA,2025-01-24,207050,22,False,dfrank88,2025-10-31T13:58:15Z,"edm trap,bass music",VANDA,0.628,0.858,6,-4.117,0,0.155,0.0316,0.06,0.152,0.132,142.008,4
spotify:track:0bcoPdat6SIiixawZvWNws,HOOLIGANS,HOOLIGANS,GHENGAR;Izzy Vadim;Ghastly,2025-09-05,127448,48,True,dfrank88,2025-10-31T13:58:15Z,"riddim,dubstep,deathstep,bass music,bass house,edm",RATED M RECORDS,0.778,0.928,1,-2.411,1,0.363,0.102,0.000165,0.602,0.78,145.066,4
spotify:track:1iKV3cC7eQEzc41i5dfs3Y,Need You,StepBroStep EP,Boogie T;Mr. Bill,2025-09-03,252414,34,False,dfrank88,2025-10-31T13:58:15Z,"dubstep,riddim,bass music,edm,dub,glitch,idm,drumstep,psytrance",Drama Club Recordings,0.647,0.714,3,-2.04,0,0.0409,0.000486,0.512,0.324,0.426,144.955,4
spotify:track:20exgZnMHVhwHKlazaEt8N,Daydreams,Daydreams,Effin;NGHTMRE,2025-06-27,228251,42,False,dfrank88,2025-10-31T13:58:15Z,"dubstep,riddim,bass music,deathstep,edm,edm trap,future bass",Effin Music,0.449,0.904,10,-1.985,0,0.121,0.0157,0.0644,0.242,0.235,142.88,4
spotify:track:4ih71VL7RWG0RbRbVTGxS8,Like This,Like This,Levity;NITTI,2025-04-09,133615,44,True,dfrank88,2025-10-31T14:54:53Z,"dubstep,bass house,g-house","Ultra Records, LLC",0.827,0.898,10,-6.259,0,0.0426,0.0217,0.114,0.117,0.387,130.009,4
spotify:track:05lUNz9yIOg4CdeA3mAutQ,it boy,bbno$,bbno$,2025-10-17,146426,69,True,dfrank88,2025-11-05T04:30:39Z,,bbno$$,0.762,0.885,9,-6.388,1,0.0551,0.00176,0.000598,0.278,0.823,129.97,4
spotify:track:6csDhb03N9jdJUmkif5UmG,Bad Luck,Bad Luck / Feel,Kyle Watson;Nevve,2025-10-24,185212,42,False,dfrank88,2025-11-05T04:30:39Z,"tech house,bass house,house,g-house,future bass,melodic bass,edm",Black Book Records,0.752,0.796,6,-6.039,0,0.0441,0.000844,0.0146,0.135,0.382,132.983,4
spotify:track:6XIh9BtczdxO7HRQwrIPti,I Don't Trust A Soul,I Don't Trust A Soul,Disco Lines;Ship Wrek,2025-08-06,146059,61,True,dfrank88,2025-11-05T04:30:39Z,"stutter house,bass house",Experts Only,0.784,0.799,7,-3.963,0,0.094,0.00258,0.00527,0.0855,0.598,131.98,4
spotify:track:4lNAIalHgxfJGztrrxVFom,Renegade Master - Don Diablo Edit,Renegade Master (Don Diablo Edit),G-POL;Don Diablo,2025-05-09,217846,43,False,dfrank88,2025-11-05T04:30:39Z,"future house,bass house,edm",HEXAGON,0.809,0.714,11,-6.622,0,0.114,0.101,0.0771,0.0961,0.719,130.019,4
spotify:track:6bqKjzTRCFudLgD4kPpMpC,Closer,Closer,Wenzday;Confession,2025-04-30,186240,21,False,dfrank88,2025-11-05T04:30:39Z,"bass house,g-house,tech house",Confession,0.688,0.915,1,-6.217,1,0.122,0.0415,0.824,0.29,0.537,124.985,4
spotify:track:0oB8BYocpXaQ7hxX8ZhPJ6,System,System,Odd Mob;OMNOM;HYPERBEAM,2025-09-05,201230,56,False,dfrank88,2025-11-05T04:30:39Z,"tech house,bass house",Insomniac Records,0.728,0.856,1,-4.97,0,0.0381,0.0237,0.0569,0.0985,0.152,129.987,4
spotify:track:1ZXtVE7Orb5JnUWT06Oqwo,Too Heavy,Too Heavy,Neon Tide,2025-05-09,180000,48,False,dfrank88,2025-11-05T04:30:39Z,,7CULT powered by PULSE.CX,0.818,0.618,10,-7.815,0,0.0715,0.152,0.189,0.111,0.267,124.002,4
spotify:track:68DQ6HkS9A7WxDnAobzeIC,Poison Ivy,Poison Ivy,SubDocta;Wreckno,2025-07-11,243932,23,True,dfrank88,2025-11-05T04:30:39Z,"dubstep,riddim,bass music",Kannibalen Records,0.771,0.915,1,-3.123,1,0.0711,0.0123,0.636,0.654,0.49,125.943,4
spotify:track:3flWoQdYrWyqUsHbURIJby,Stephanie - HNTR Remix,Stephanie (HNTR Remix),Cloonee;Young M.A;InntRaw;HNTR,2025-02-07,145467,71,False,dfrank88,2025-11-05T04:30:39Z,"tech house,house,latin house",Hellbent Records,0.765,0.948,6,-4.048,0,0.0436,0.00701,0.00651,0.113,0.743,134.011,4
spotify:track:6HDkeyKBhD0Q4WKDH7h3vA,No Sleep,No Sleep,MEDUZA,2025-10-24,162187,49,False,dfrank88,2025-11-05T04:30:39Z,,Experts Only,0.642,0.878,1,-5.988,1,0.0345,0.0107,0.762,0.435,0.508,128.008,4
spotify:track:0mK92Hp80kOOhn086qcDgZ,Everything In Its Right Place,Everything In Its Right Place,Bugwell,2025-10-17,204827,33,False,dfrank88,2025-11-05T04:30:39Z,drum and bass,R.O.A.M,0.364,0.96,2,-1.09,1,0.0426,5e-05,0.579,0.128,0.13,173.956,4
spotify:track:0rln7cFteLIh27eT02rr6q,Let's Begin,Let's Begin,Devault,2025-08-15,232835,53,False,dfrank88,2025-11-08T20:18:01Z,stutter house,Putyouon Music Group,0.695,0.87,6,-4.029,1,0.0462,0.0127,0.749,0.0713,0.308,133.972,4
spotify:track:6YiIWuVXS4AqF1KvUGMwyx,crystallized (feat. Inéz),crystallized (feat. Inéz),John Summit;Inéz,2025-09-12,217646,69,False,dfrank88,2025-11-08T20:18:01Z,"house,tech house",Experts Only/Darkroom Records,0.529,0.857,1,-4.689,1,0.075,0.011,4.85e-05,0.126,0.292,128.049,4
spotify:track:2mHYjjjoCvqF4ZFXY6CIZn,Next To You,EURÊKA!,Romain Garcia,2025-10-17,203572,50,False,dfrank88,2025-11-11T00:00:37Z,"melodic house,melodic techno,progressive house",Anjunadeep,0.622,0.933,1,-8.297,0,0.0343,0.026,0.772,0.147,0.0293,125.014,4
spotify:track:1mlrEJsi41bsviUMB6nEgz,Need,GigaSol,Atticus Rush,2025-06-20,136901,49,False,dfrank88,2025-11-11T00:00:37Z,,Acid Riot Music,0.689,0.673,1,-4.38,1,0.0393,0.0203,0.218,0.137,0.169,142.003,4
spotify:track:6E7uJDbj86Eu5G8e2FhHyk,GENIE,GENIE,ero808;NO STATIC;NAAR (US),2025-11-06,200930,52,False,dfrank88,2025-11-21T00:51:47Z,"bass house,tech house",Higher Ground,0.788,0.783,3,-6.075,1,0.0399,0.0123,0.733,0.265,0.791,129.032,4
spotify:track:6RREMDJ6ru3YpvboN4Le3q,Love to Love,Love to Love,Justin Rabin,2025-11-14,176744,45,False,dfrank88,2025-11-21T00:51:47Z,tech house,Unjust,0.787,0.751,6,-6.561,1,0.0533,0.00459,0.775,0.0763,0.509,128.992,4
spotify:track:0HIpQEomgZmd5Kt1XHa4qu,So Many Colours,So Many Colours,Sub Focus;Poppy Baskcomb,2025-11-14,227586,55,False,dfrank88,2025-11-21T00:51:47Z,"drum and bass,liquid funk",Positiva,0.55,0.92,5,0.383,0,0.0624,0.141,0.0,0.191,0.161,174.024,4
spotify:track:5qpMFxfXvG7jqKL8WhQaR6,gReef,Tryouts,SURFTEAM;tiedye ky;Esseks,2025-10-17,200142,29,False,dfrank88,2025-11-21T00:51:47Z,"bass music,glitch,dubstep",Shhhurf,0.705,0.604,7,-7.458,0,0.0574,0.145,0.35,0.804,0.128,139.972,4
spotify:track:3MAmmmyryXNKlATaRZAe5n,Love Drop - Bronze Sun Remix,Love Drop,Equanimous;HYPERLIGHT;KÄTĒRI;Bronze Sun,2025-10-24,190222,23,False,dfrank88,2025-11-21T00:51:47Z,bass music,High Vibe Records,0.739,0.663,2,-5.529,1,0.041,0.0062,0.0229,0.0609,0.161,135.055,4
spotify:track:2VZ0ncmWdOyrsVKfc8fwa4,Facilita,Facilita,Fred again..;Caribou;Menor Teteu,2025-10-23,257435,61,False,dfrank88,2025-11-21T00:51:47Z,"stutter house,house,idm,brazilian funk",Atlantic Records UK,0.715,0.675,2,-5.167,1,0.157,0.0555,0.000384,0.0857,0.255,128.021,4
spotify:track:11AbXzYgjlKkJ6vIjVYk4z,SUBSTANCE,ANOMALY,Odd Language,2025-06-06,228413,29,False,dfrank88,2025-11-21T00:51:47Z,"bass music,dubstep",Space Yacht,0.548,0.998,10,-1.788,0,0.105,0.00604,0.2,0.151,0.13,145.021,4
spotify:track:2nO5YCEAQLPYKLbza7N64Z,I Look Good,I Look Good,Jackie Hollander;Lizzy Land,2025-02-28,164659,40,False,dfrank88,2025-11-21T00:51:47Z,tech house,Insomniac Records,0.592,0.855,6,-6.376,1,0.0585,0.0135,0.517,0.3,0.296,131.957,4
spotify:track:6fpwtsLQwN6CcJIyaSYosE,Light You Up ft. CREG,Light You Up ft. CREG,GRiZ;Tape B;CREG,2025-11-14,188571,55,True,dfrank88,2025-11-21T00:51:47Z,"dubstep,edm,riddim,bass music",GRiZ LLC,0.616,0.936,2,-2.15,0,0.0377,0.00146,0.643,0.101,0.0738,139.985,4
spotify:track:4WnCJ3dIGqH2dbI45WhuiK,Count That,Count That,SHOSH,2025-11-07,216214,44,False,dfrank88,2025-11-21T00:51:47Z,"uk garage,bassline",UKF,0.843,0.761,7,-4.585,1,0.0794,0.0182,0.0598,0.318,0.469,139.951,4
spotify:track:7zZOXLmD4QqvABpQpouiC2,Deep Inside,Deep Inside,Lumasi,2025-09-12,251000,37,False,dfrank88,2025-11-21T00:51:47Z,bass music,TRIPPY BEE RECORDS,0.591,0.785,1,-4.519,0,0.0422,0.00785,0.0377,0.102,0.0609,123.9,4
spotify:track:2KAPwFhrjd5buT11C8lQgf,LLLLLIKE IT LIKE IT (REAL),ok heres the rough cut,MAYV,2025-08-01,165454,30,False,dfrank88,2025-11-21T00:51:47Z,uk garage,mayv,0.817,0.806,5,-9.459,1,0.0423,0.0318,0.103,0.317,0.289,131.925,4
spotify:track:0bqk4OO4XN7nqW44PTMbdB,Work,Work,Proppa;Rich DietZ;Smith & Sorren,2025-07-18,180010,46,False,dfrank88,2025-11-21T00:51:47Z,bass house,Musical Freedom,0.701,0.851,2,-3.727,1,0.0448,0.00132,0.0273,0.0826,0.284,129.991,4
spotify:track:5NcQtOLLV1BycTfC0iuOIb,What Was That,What Was That,Koastle,2025-10-17,328181,43,False,dfrank88,2025-11-21T00:51:47Z,stutter house,Boom Records LLC,0.75,0.497,0,-7.036,1,0.209,0.136,0.00345,0.101,0.577,132.042,4
spotify:track:35xMkZ8QgiXQQgSujSzvTP,Substance,Substance,Delta Heavy,2025-11-13,226206,51,False,dfrank88,2025-11-21T00:51:47Z,"drum and bass,drumstep,dubstep,liquid funk",UKF,0.453,0.989,10,-0.166,0,0.14,0.00521,0.547,0.163,0.267,174.007,4
spotify:track:22UTXVKOpu05KWN5GTuLuJ,Outreach,Outreach,rSUN;STVSH,2025-11-12,184620,36,False,dfrank88,2025-11-21T00:51:47Z,"bass music,dubstep",Wubaholics,0.683,0.946,10,-4.44,0,0.0387,0.0246,0.783,0.247,0.0729,129.992,4
spotify:track:5ofDEUD4lrFKgEALy5ysZJ,Hold That Sucker Down,Hold That Sucker Down,Circadian,2025-11-14,216551,49,False,dfrank88,2025-11-21T00:51:47Z,drum and bass,Armada Music,0.287,0.945,0,-1.556,1,0.0771,0.0711,0.277,0.314,0.0359,173.056,4
spotify:track:3tUl81O1ilB0U3H63kcNiy,LOUDER,LOUDER,"Nikita, the Wicked",2025-10-31,132080,44,False,dfrank88,2025-11-21T00:51:47Z,"uk garage,bass music",Helix Records,0.637,0.558,11,-6.116,0,0.0759,0.0195,0.736,0.466,0.284,139.957,4
spotify:track:0yomKy6ZrrqMvykye8MH2D,Lost,Lost,ERBES,2025-11-07,137142,14,True,dfrank88,2025-11-21T00:51:47Z,"riddim,dubstep,deathstep,bass music",WHY Z MUSIC,0.766,0.838,5,-7.093,0,0.0551,0.0349,0.491,0.11,0.0808,140.062,4
spotify:track:3VOcPg7JeQaQWqDNzvmpe6,Feel it in My,Feel it in My,it's murph;Arlo;fkblnde,2025-10-31,338849,53,False,dfrank88,2025-11-21T00:51:47Z,"stutter house,house,uk garage,rally house",Sonic Café,0.775,0.747,9,-5.371,1,0.0931,0.0899,0.00988,0.0651,0.341,135.994,4
spotify:track:6hLEJ1YLR1lyAK0QFQpkN0,Illuminate,Illuminate,Champagne Drip,2025-10-24,206664,36,False,dfrank88,2025-11-21T00:51:47Z,"dubstep,bass music",WAKAAN,0.572,0.797,0,-5.474,1,0.0474,0.0743,0.0,0.104,0.236,133.818,4
spotify:track:155eEmogdYWiVZkbgmAKFC,Freedom,Freedom,1111,2025-11-11,179500,29,False,dfrank88,2025-11-21T00:51:47Z,"stutter house,uk garage",Fly Boy Records,0.64,0.795,9,-5.406,0,0.227,0.186,0.000708,0.0861,0.493,143.978,4
spotify:track:0zF3Pi5MWidZ9CKIqbIbPj,ROUND N' ROUND,ROUND N' ROUND,Klo;SVDKO,2025-10-24,137142,39,False,dfrank88,2025-11-21T00:51:47Z,"stutter house,uk garage",BREAKAWAY,0.773,0.823,1,-9.543,1,0.0724,0.18,0.891,0.11,0.309,140.006,4
spotify:track:4DyKBaLddK8ORyq8q3Qi70,Bass Baddie,Bass Baddie,AHEE,2025-09-12,191981,48,False,dfrank88,2025-11-21T00:51:47Z,"dubstep,bass music,riddim",ZOT Records,0.798,0.691,1,-5.542,1,0.0452,0.104,0.00724,0.262,0.105,140.003,4
spotify:track:5ALKOITz7HU3m3Ac3aVDXk,Bullshit,Bullshit,Matroda;KLP,2025-10-24,178865,60,True,dfrank88,2025-11-21T00:51:47Z,"bass house,tech house,g-house,house,electro house",Insomniac Records,0.841,0.871,9,-4.982,1,0.0524,0.00529,0.14,0.0803,0.83,130.019,4
spotify:track:79731bpTWayIgYcrNynym3,SHAKE A LIL’ SOMETHIN’,SHAKE A LIL’ SOMETHIN’,ero808;NXSTY;RYA,2025-08-29,181384,51,False,dfrank88,2025-11-21T00:52:13Z,bass house,ero808,0.764,0.769,0,-3.958,1,0.0751,0.0287,0.0206,0.107,0.747,129.976,4
spotify:track:3tfIdh3vkIeDOygX9iSae4,Chain Reaction - Chill Mix,Connect (Deluxe),Ferry Corsten;MERYLL,2025-06-27,186666,24,False,dfrank88,2025-12-09T22:31:10Z,"trance,progressive trance,hardstyle,tech house",Flashover Recordings,0.671,0.848,9,-7.847,0,0.0324,0.0076,0.397,0.0807,0.696,126.015,4
spotify:track:3o827YUS77gxIoH758dRmE,Goodtime,Goodtime,Ashez;Kaipora,2025-11-27,240000,36,False,dfrank88,2025-12-09T22:31:10Z,"bass music,drumstep",Junkfood,0.781,0.757,2,-3.666,1,0.159,0.0713,8.23e-05,0.0435,0.353,94.048,4
spotify:track:1QMBCgCTDh6N6Gz6FqtHcU,If Only,If Only,1991,2025-11-28,191724,55,False,dfrank88,2025-12-09T22:31:10Z,"drum and bass,liquid funk",1991,0.421,0.984,6,-0.071,1,0.0454,0.0158,0.48,0.0895,0.431,173.916,4
spotify:track:0rn8BcTBTPGWb4NRCBST0k,..FEISTY,ICEY..FEISTY,Fred again..;BIA,2025-11-28,171764,73,False,dfrank88,2025-12-09T22:31:10Z,"stutter house,house",Atlantic Records UK,0.824,0.704,10,-4.847,0,0.251,0.0177,0.000166,0.332,0.573,101.931,4
spotify:track:6HBEkmEvinv84BHtSRVZaI,MERTHER - Mixed,Defected presents Most Rated 2026 (DJ Mix),Mau P,2025-11-28,221291,52,False,dfrank88,2025-12-09T22:31:10Z,"tech house,house",Defected Records,0.597,0.956,0,-6.135,1,0.0419,0.00192,0.785,0.059,0.156,127.94,4
spotify:track:6cER8RAH8B3BAD1VvaaCak,Cups Up,Cups Up,Eric Leo 108;Ghostface Killah;Lone Wolf,2025-11-28,206942,21,True,dfrank88,2025-12-09T22:31:10Z,"east coast hip hop,hardcore hip hop,hip hop,old school hip hop",Revel Distro,0.788,0.63,10,-8.122,0,0.348,0.175,2.29e-05,0.0606,0.614,89.315,4
spotify:track:4ioNVcLISjxtxLAET7QOtW,i like it dark,i like it dark,Us Under,2025-11-07,152571,32,False,dfrank88,2025-12-09T22:31:10Z,,4870345 Records DK,0.736,0.824,2,-3.687,1,0.108,0.017,0.00784,0.122,0.256,140.164,4
spotify:track:6QCC3XVw9tZiHfxmqX15oN,Freak Of Nature,Freak Of Nature,Just A Gent,2025-07-11,192158,26,False,dfrank88,2025-12-09T22:31:10Z,future bass,HypnoVizion Records Inc.,0.853,0.67,9,-4.913,0,0.158,0.0199,0.255,0.12,0.335,100.043,4
spotify:track:23Hxd8ph2vJWlXngubtyuO,Feels Like Us,Feels Like Us,Devault,2025-11-14,234545,62,False,dfrank88,2025-12-09T22:31:10Z,stutter house,Experts Only,0.694,0.866,7,-5.675,0,0.0304,0.00516,0.0132,0.0921,0.157,131.988,4
spotify:track:23loNjKp3yxyc7NTuwphrn,Beto’s Horns - fred remix,Beto's Horns,Fred again..;CA7RIEL & Paco Amoroso,2025-11-07,226222,64,False,dfrank88,2025-12-09T22:31:10Z,"stutter house,house",Atlantic Records UK,0.538,0.664,1,-7.051,0,0.195,0.0181,0.175,0.278,0.199,127.619,4
spotify:track:58kSdDfQVV2Pbupz7EYpkJ,A Feeling I Miss,A Feeling I Miss,Cassian;Matt Ryder,2025-10-31,201289,55,False,dfrank88,2025-12-09T22:31:10Z,"melodic techno,melodic house",Three Six Zero Recordings,0.606,0.911,11,-4.502,0,0.031,0.00119,0.000238,0.104,0.175,127.985,4
spotify:track:6U5h4WhbYufaRGXQhnileY,solo,solo,Fred again..;Blanco,2025-12-05,292071,67,True,dfrank88,2025-12-22T23:28:05Z,"stutter house,house,uk drill,drill,grime,afroswing,uk grime",Atlantic Records UK,0.652,0.931,1,-4.875,1,0.0341,0.0237,0.000617,0.052,0.935,139.976,4
spotify:track:44XOYeAmO5L8tGiwMp4K7b,It's Strange (feat. K.Flay) - Euphoria VIP,It's Strange (feat. K.Flay) [10th Anniversary Edition],Louis The Child;K.Flay,2025-10-22,173858,32,True,dfrank88,2025-12-30T01:53:03Z,,"Ultra Records, LLC",0.733,0.744,0,-6.013,1,0.141,0.186,0.000257,0.0631,0.436,127.029,4
spotify:track:0ezzY28pW6MYCb5RLkWQg8,Got Away (feat. Royal & the Serpent),Fibonacci,Subtronics;ILLENIUM;Royal & the Serpent,2025-12-04,216000,53,False,dfrank88,2025-12-30T01:53:03Z,"riddim,dubstep,edm,deathstep,bass music,dub,melodic bass,future bass",Cyclops Recordings,0.614,0.855,1,-0.495,0,0.0596,0.107,0.000133,0.101,0.129,140.036,4
spotify:track:3kFGYfnYWraDZ8iAWx45QR,London's On Fire,London's On Fire,Chris Lorenzo;Max Styler;Audio Bullys,2025-07-04,179076,61,False,dfrank88,2025-12-30T01:53:03Z,"bass house,bassline,house,tech house,g-house,big beat",Black Book Records,0.837,0.895,9,-4.119,1,0.0616,0.00675,0.119,0.0866,0.654,130.036,4
spotify:track:1xD3u3ZMWa8H8T4HdmtcQf,Roll Too Deep (feat. Subsonic),Contact,Sub Focus;Subsonic,2025-11-21,226206,57,False,dfrank88,2025-12-30T01:53:03Z,"drum and bass,liquid funk,bassline",Positiva,0.632,0.982,8,0.447,1,0.125,0.236,0.00682,0.0755,0.366,174.011,4
spotify:track:4TH8lXOUGPmPx7p6jy717j,FLOW STATE (ft. Odetari),FLOW STATE (ft. Odetari),Diplo;Odetari;d00mscrvll,2025-12-05,75000,56,False,dfrank88,2025-12-30T01:53:03Z,"moombahton,hyperpop,nightcore",d00mscrvll,0.5,0.815,1,-2.658,0,0.0969,0.0137,0.00083,0.262,0.246,160.014,4
spotify:track:1hovENSTPu0ZxnkFt9On4n,FLOW STATE (ft. Odetari) - Slowed,FLOW STATE (ft. Odetari),Diplo;Odetari;d00mscrvll,2025-12-05,83333,42,False,dfrank88,2025-12-30T01:53:03Z,"moombahton,hyperpop,nightcore",d00mscrvll,0.434,0.787,11,-3.121,0,0.0683,0.0145,0.00012,0.204,0.273,143.756,4
spotify:track:2Mv2W9XP7F4jXoTE4aWxy2,FLOW STATE (ft. Odetari) - Sped Up,FLOW STATE (ft. Odetari),Diplo;Odetari;d00mscrvll,2025-12-05,67415,38,False,dfrank88,2025-12-30T01:53:03Z,"moombahton,hyperpop,nightcore",d00mscrvll,0.545,0.864,6,-2.267,1,0.237,0.0086,0.0339,0.138,0.294,178.023,4
spotify:track:5FwCd8IftHyQsCsd9QXj6c,Under Lights,Under Lights,ERBES,2025-12-05,198857,18,False,dfrank88,2025-12-30T01:53:03Z,"riddim,dubstep,deathstep,bass music",WHY Z MUSIC,0.817,0.641,5,-7.956,0,0.207,0.0524,0.0532,0.705,0.24,139.993,4
spotify:track:0t20e3FAuQ4F4iQJwzvhxs,CONTROL,BLINDED BY VANITY,"Nikita, the Wicked;Elohim",2025-12-05,180616,44,False,dfrank88,2025-12-30T01:53:03Z,"uk garage,bass music",Helix Records,0.585,0.755,6,-7.658,0,0.041,0.00982,0.000505,0.0726,0.149,140.14,4
spotify:track:5Xg5GVRhcsZQyD9GusA51P,Pretty Low (MANSHN Remodel),Pretty Low (MANSHN Remodel),Dillon Francis;Galantis;Arden Jones;MANSHN,2025-12-10,214180,51,True,dfrank88,2025-12-30T01:53:03Z,"moombahton,edm,electro house,deathstep",Kinneloa Records,0.357,0.881,6,-4.197,0,0.0677,0.0292,1.57e-05,0.08,0.122,172.127,4
spotify:track:7wGSVbWBbiLALD9Wst8tJs,Irresistible,Irresistible,Primate;Captain Bass,2025-12-05,218057,38,False,dfrank88,2025-12-30T01:53:03Z,"drum and bass,bassline",Bassrush Records,0.506,0.955,5,-2.304,0,0.052,0.00232,6.52e-05,0.24,0.211,175.043,4
spotify:track:49wAYSFLGtZJVVrIxUkwoV,Hidden,Ready For It / Hidden,Basstripper,2025-12-04,203314,32,False,dfrank88,2025-12-30T01:53:03Z,drum and bass,DnB Allstars,0.742,0.822,5,-0.821,0,0.0388,0.182,0.887,0.16,0.517,87.485,4
spotify:track:6dGS0rGElrf9R961GkueoE,Caramelle,Caramelle,Mesto,2025-11-28,120000,60,False,dfrank88,2025-12-30T01:53:03Z,"future house,edm",STMPD RCRDS,0.681,0.847,8,-7.529,1,0.032,0.019,0.738,0.141,0.523,128.006,4
spotify:track:20NWjwDzsxz7CXIyyQFMCx,Fee Fi Fo Fum (feat. KAM-BU),Fee Fi Fo Fum (feat. KAM-BU),Walker & Royce;KAM-BU,2025-12-05,191009,47,False,dfrank88,2025-12-30T01:53:03Z,"tech house,bass house,house,stutter house,uk garage",Insomniac Records,0.794,0.94,5,-5.607,0,0.0727,0.0841,0.0151,0.0996,0.201,131.956,4
spotify:track:2NSGXSn3phBbGnEnWQyyx8,gravity,gravity,all things break,2025-11-28,230137,71,False,dfrank88,2025-12-30T01:53:03Z,,Selected.,0.724,0.657,11,-8.131,0,0.032,0.139,0.637,0.09,0.0686,126.991,4
spotify:track:6cl01mVeSioV2jTHRcGe0l,Runaway,Runaway,Jkyl & Hyde,2025-10-08,185142,57,False,dfrank88,2025-12-30T01:53:03Z,"riddim,dubstep,deathstep,bass music",Jkyl & Hyde,0.522,0.731,1,-8.214,0,0.0987,0.443,0.000267,0.0863,0.0356,138.9,4
spotify:track:5uCOhMc7WQy7jawqJbdhh2,Cocaine Inside My Blunts (Tape B Remix),Cocaine Inside My Blunts (Tape B Remix),Disco Lines;Tape B,2025-12-19,171428,49,True,dfrank88,2025-12-30T01:53:03Z,"stutter house,dubstep,riddim,bass music",Good Good Records,0.686,0.908,2,-1.473,1,0.369,0.0478,0.0,0.122,0.262,139.818,4
spotify:track:62yoC1CtvCigAoLgybU2ub,Too Late,Second Self,Jkyl & Hyde;Nathalie Blue,2025-10-22,211200,48,False,dfrank88,2025-12-30T01:53:03Z,"riddim,dubstep,deathstep,bass music,hardstyle,frenchcore",Jkyl & Hyde,0.336,0.75,5,-4.209,0,0.0509,0.215,0.000128,0.13,0.265,149.325,4
spotify:track:6zldvnVMC25b4uliSKO9Lz,Appetite,Appetite,Chris Lorenzo,2025-05-16,227272,64,False,dfrank88,2025-12-30T01:53:03Z,"bass house,bassline,house,tech house,g-house",Catch & Release,0.76,0.898,0,-5.626,1,0.0689,0.0199,0.796,0.358,0.442,132.002,4
spotify:track:6pITIqSBFvBcafDKwEaJgc,like JENNIE - Peggy Gou Remix - EXTENDED MIX,like JENNIE,JENNIE;Peggy Gou,2025-04-25,307063,37,True,dfrank88,2025-12-30T01:53:03Z,k-pop,OA Entertainment/Columbia,0.776,0.968,2,-3.019,1,0.0577,0.0353,0.782,0.276,0.597,130.012,4
spotify:track:29LNIlrK2YlDfCWsEEu07l,GrandStandin' (feat. Ghostface Killah),GrandStandin' (feat. Ghostface Killah),Go-Hard Da Great;Saucy Da Mac;Ghostface Killah,2025-12-26,175000,29,True,dfrank88,2025-12-30T01:53:03Z,"east coast hip hop,hardcore hip hop,hip hop,old school hip hop",Hustle Hungry Entertainment,0.506,0.754,11,-7.796,0,0.356,0.0323,0.0,0.356,0.556,170.033,4
