Comment ID,Channel ID,Comment Create Timestamp,Price,Parent Comment ID,Video ID,Comment Text,Top-Level Comment ID
UgwDI2-uz-gNjTc7eEV4AaABAg.9m2HaWuKPGt9q-58QmkYzq,UC2ivwKiOnpQPvzkb-XR5ICA,2023-05-22T00:07:26.86245+00:00,0,UgwDI2-uz-gNjTc7eEV4AaABAg.9m2HaWuKPGt9pPtun_mIE_,SQsuJcjlYVg,"{""text"":""@danielzelpher7335"",""mention"":{""externalChannelId"":""UCj5FE1UDSwuQPp4w86ApHhg""}},{""text"":""lmao no""}",UgwDI2-uz-gNjTc7eEV4AaABAg
UgykzkDttmSaUEomkYJ4AaABAg,UC2ivwKiOnpQPvzkb-XR5ICA,2023-02-22T00:56:43.913462+00:00,0,,JQHzTj8qC7Y,"{""text"":""You can tell how old this video is by the fact that Tom got listed behind Steve in the title lol""}",
Ugywbcdvb6pi-TG_DS14AaABAg,UC2ivwKiOnpQPvzkb-XR5ICA,2017-10-20T15:02:40.511168+00:00,0,,YUPvnM1T6jY,"{""text"":""STEP #0 - Tell the idiot you can't wear jeans to play golf.""}",
UgjNEXyi-8n8gHgCoAEC,UC2ivwKiOnpQPvzkb-XR5ICA,2014-08-03T19:59:41+00:00,0,,ImuGO0MR2Qo,"{""text"":""B  ""}",
UgigRO1BNDS9p3gCoAEC,UC2ivwKiOnpQPvzkb-XR5ICA,2014-04-08T13:14:58+00:00,0,,37yhdlRj2tw,"{""text"":""THE HAWK RETURNS""}",
UgyyKBCO5umAcJKyVr14AaABAg,UC2ivwKiOnpQPvzkb-XR5ICA,2013-07-21T06:28:53+00:00,0,,_n8YhqhncXI,"{""text"":""I'M HONORED TELL HIM I'M HONORED TRULY TRULY I'M HONORED TRULY""}",
UgxDgnthN6VW_6gK4vN4AaABAg,UC2ivwKiOnpQPvzkb-XR5ICA,2013-05-04T23:16:12+00:00,0,,nGiXHk_T2N8,"{""text"":""Holy fuck this guy was great.""}",
UgwzjUHkOGMcvTVF0vh4AaABAg,UC2ivwKiOnpQPvzkb-XR5ICA,2013-02-03T00:58:52+00:00,0,,vl6p0rbMAHk,"{""text"":""yeah great, that's the joke Louis made when he said \""imagine if they found this like a black box\"". sure glad we've got capt. obvious here to repeat the jokes  being made in long-form.""}",
UgxpKuDUpckkcgk01IJ4AaABAg,UC2ivwKiOnpQPvzkb-XR5ICA,2012-10-26T20:51:09+00:00,0,,dbMMu3XvYpA,"{""text"":""You can't really believe this, can you? If you want to look at who is 'behind' this culture, you must see that the consumers are the bottom line, right?! It's difficult to play \""catch up\"" with another race when you are constantly crying oppression when there is, indeed, none.""}",
UgzZlYi0nqQMLwVxbJR4AaABAg,UC2ivwKiOnpQPvzkb-XR5ICA,2012-10-26T18:02:05+00:00,0,,RPAkBvyxQCY,"{""text"":""he can't decide whether he's \""whiter than x\"" -or- \""blacker than x \""""}",
Ugws4ENvPxSzIIo0grN4AaABAg,UC2ivwKiOnpQPvzkb-XR5ICA,2012-10-24T20:37:48+00:00,0,,LM0A9urb8xM,"{""text"":""Much better than the Kev Smith ...On Acid ""}",
Ugybo3yffXgX7emTnyJ4AaABAg,UC2ivwKiOnpQPvzkb-XR5ICA,2012-09-14T20:34:25+00:00,0,,zdGC4nfM56Q,"{""text"":""\u003c3 dApollo ""}",
UgwGB1HrAZ9A0j0sq2t4AaABAg,UC2ivwKiOnpQPvzkb-XR5ICA,2012-06-20T18:22:16+00:00,0,,Jlkmn_hzaXU,"{""text"":""YAY ANTI-INTELLECTUALISM !!""}",
Ugx1E8Vtjr6z2F98M7R4AaABAg,UC2ivwKiOnpQPvzkb-XR5ICA,2012-04-16T02:23:44+00:00,0,,aJPc8NItFCA,"{""text"":""Please, no more. These are terrible.""}",
UgzyTrcb7n_jZ_EuCYp4AaABAg,UC2ivwKiOnpQPvzkb-XR5ICA,2012-03-10T15:20:04+00:00,0,,XPgxp6y6K4g,"{""text"":""It's obvious you're a poe, but your video is just about theism v. atheism...nothing to do with evolution or creationism here. Also - you're no Edward Current.""}",
UgzAe9N0K0GuveIj0oJ4AaABAg,UC2ivwKiOnpQPvzkb-XR5ICA,2012-02-12T05:26:27+00:00,0,,pwwGVnkNNkY,"{""text"":""Antwuan Dixon could stand to learn a lot from TK. You don't have to lose edge or cred to be a positive figure. ""}",
Ugz1uRI8zsySA5d3nsp4AaABAg,UC2ivwKiOnpQPvzkb-XR5ICA,2012-01-20T18:38:57+00:00,0,,FR-vcYWPZs0,"{""text"":""IT'S ALIVE!!! IT'S ALIIIIIVEEEE!!!!!""}",
UgwgkTAlISLpgJC3CY94AaABAg,UC2ivwKiOnpQPvzkb-XR5ICA,2008-09-08T04:46:53+00:00,0,,dFpX8rD-SxE,"{""text"":""hahaha win win win.""}",
Ugz8WdvYrEU48qYOuOZ4AaABAg,UC2ivwKiOnpQPvzkb-XR5ICA,2008-08-07T23:17:54+00:00,0,,vCV96ckSzYE,"{""text"":""terrible review, i think they missed the whole vibe of the movie. this seems way off to me.""}",
Ugz0JmoAMHPpMAPQjdh4AaABAg,UC2ivwKiOnpQPvzkb-XR5ICA,2007-12-20T06:29:43+00:00,0,,pw9Lp1un5Y0,"{""text"":""swing and a miss.""}",
Ugz8db6OFnVQtLZxppB4AaABAg,UC2ivwKiOnpQPvzkb-XR5ICA,2007-08-06T02:50:55+00:00,0,,8s5SWXwqkP4,"{""text"":""please stop...god hates you.""}",
Ugxmdpe0kk4V2a7PYph4AaABAg,UC2ivwKiOnpQPvzkb-XR5ICA,2007-03-04T19:41:51+00:00,0,,1T-u41spAhc,"{""text"":""jeaaaaa lil g""}",
Ugy9mvWbwofuWsBm_Mx4AaABAg,UC2ivwKiOnpQPvzkb-XR5ICA,2006-10-06T03:31:39+00:00,0,,61zg3p8AOt0,"{""text"":""oh jesus""}",
UgwBtaLACI8tHPJnmIR4AaABAg,UC2ivwKiOnpQPvzkb-XR5ICA,2006-10-03T16:01:56+00:00,0,,V9GvrL0K7u4,"{""text"":""BAHAHAHA you ARE a man.""}",
UgwWNVpTlNJ5_vlKB_l4AaABAg,UC2ivwKiOnpQPvzkb-XR5ICA,2006-08-07T15:21:02+00:00,0,,pyRIPeL-Wuc,"{""text"":""who are you lol\nwe ride there every weekend""}",
Ugw-enjO38gjFm5AaVN4AaABAg,UC2ivwKiOnpQPvzkb-XR5ICA,2006-07-10T15:05:13+00:00,0,,2rv4L8O7Nb8,"{""text"":""too much pedal..but its sick""}",
UgwWp8Rl3yDbRdDzCsR4AaABAg,UC2ivwKiOnpQPvzkb-XR5ICA,2006-06-13T15:23:58+00:00,0,,JMvMzQ4Vu-8,"{""text"":""whoever made this is a complete tool..\nthis isnt emo, try goth""}",





