Channel Id,Channel Url,Channel Title
UC--BMyA2X4a9PGAo3lTuopg,http://www.youtube.com/channel/UC--BMyA2X4a9PGAo3lTuopg,psychicpebbles
UC-3jIAlnQmbbVMV6gR7K8aQ,http://www.youtube.com/channel/UC-3jIAlnQmbbVMV6gR7K8aQ,The Majority Report w/ Sam Seder
UC0aanx5rpr7D1M7KCFYzrLQ,http://www.youtube.com/channel/UC0aanx5rpr7D1M7KCFYzrLQ,Shoe0nHead
UC0zYzxRCvUD5p1XWwE00Zzw,http://www.youtube.com/channel/UC0zYzxRCvUD5p1XWwE00Zzw,Matan Even
UC3XTzVzaHQEd30rQbuvCtTQ,http://www.youtube.com/channel/UC3XTzVzaHQEd30rQbuvCtTQ,LastWeekTonight
UC3cpN6gcJQqcCM6mxRUo_dA,http://www.youtube.com/channel/UC3cpN6gcJQqcCM6mxRUo_dA,Wendigoon
UC554eY5jNUfDq3yDOJYirOQ,http://www.youtube.com/channel/UC554eY5jNUfDq3yDOJYirOQ,Destiny
UC5fdssPqmmGhkhsJi4VcckA,http://www.youtube.com/channel/UC5fdssPqmmGhkhsJi4VcckA,Innuendo Studios
UC65g7tW_8uZ5tlLcX0pe7IQ,http://www.youtube.com/channel/UC65g7tW_8uZ5tlLcX0pe7IQ,Adam Lucidi
UC797fsP6okMRGNKEo6eiVYQ,http://www.youtube.com/channel/UC797fsP6okMRGNKEo6eiVYQ,Maverick Files
UC7Ucs42FZy3uYzjrqzOIHsw,http://www.youtube.com/channel/UC7Ucs42FZy3uYzjrqzOIHsw,EmpLemon
UC7qZ_e097NBkgOljy1joVRA,http://www.youtube.com/channel/UC7qZ_e097NBkgOljy1joVRA,The Daily Beast
UC8_P14XzTUxP93hXPyZnGbg,http://www.youtube.com/channel/UC8_P14XzTUxP93hXPyZnGbg,Dasia Sade
UC8oMvYlwaS7m5VpMwOTvgzw,http://www.youtube.com/channel/UC8oMvYlwaS7m5VpMwOTvgzw,Tor's Cabinet of Curiosities
UC9fiHm54bmH9LWBbjBJGOFg,http://www.youtube.com/channel/UC9fiHm54bmH9LWBbjBJGOFg,Banksy NY
UCBiuljj5uaUVHbnTAzfvutg,http://www.youtube.com/channel/UCBiuljj5uaUVHbnTAzfvutg,HGTV
UCC_w8GsmIp-6dHhdVHqcVgg,http://www.youtube.com/channel/UCC_w8GsmIp-6dHhdVHqcVgg,Belief It Or Not
UCCzLNULTAY6A6svwgMFlWWA,http://www.youtube.com/channel/UCCzLNULTAY6A6svwgMFlWWA,Shake Junt
UCDRIjKy6eZOvKtOELtTdeUA,http://www.youtube.com/channel/UCDRIjKy6eZOvKtOELtTdeUA,Breaking Points
UCEtB-nx5ngoNJWEzYa-yXBg,http://www.youtube.com/channel/UCEtB-nx5ngoNJWEzYa-yXBg,FilmJoy
UCG1OIoLEjzyjkXA8MHQyiQw,http://www.youtube.com/channel/UCG1OIoLEjzyjkXA8MHQyiQw,Tom Delgado
UCG1uayRlzz3ahT8ISRdyw7Q,http://www.youtube.com/channel/UCG1uayRlzz3ahT8ISRdyw7Q,Genetically Modified Skeptic
UCG5h8yHSUS4n7zPnh0dG0SA,http://www.youtube.com/channel/UCG5h8yHSUS4n7zPnh0dG0SA,Georg Rockall-Schmidt
UCGLkYhkzXOp3bOLdHuEiuFw,http://www.youtube.com/channel/UCGLkYhkzXOp3bOLdHuEiuFw,glenjamn3
UCGSGPehp0RWfca-kENgBJ9Q,http://www.youtube.com/channel/UCGSGPehp0RWfca-kENgBJ9Q,JREG
UCGttrUON87gWfU6dMWm1fcA,http://www.youtube.com/channel/UCGttrUON87gWfU6dMWm1fcA,Tucker Carlson
UCI4dgGExY7iyfO-jhj0MyDg,http://www.youtube.com/channel/UCI4dgGExY7iyfO-jhj0MyDg,Galactic Service
UCIh6suDBrM7H8kIiiHkYXfA,http://www.youtube.com/channel/UCIh6suDBrM7H8kIiiHkYXfA,Materialisimo
UCJPHc5wprYeNF0K5ITwPBgA,http://www.youtube.com/channel/UCJPHc5wprYeNF0K5ITwPBgA,Behind the Bastards
UCJkMlOu7faDgqh4PfzbpLdg,http://www.youtube.com/channel/UCJkMlOu7faDgqh4PfzbpLdg,Nerdwriter1
UCK-GxvzttTnNhq3JPYpXhqg,http://www.youtube.com/channel/UCK-GxvzttTnNhq3JPYpXhqg,Sarah Z
UCK_VrSXB5G4gOVOcGC6INxA,http://www.youtube.com/channel/UCK_VrSXB5G4gOVOcGC6INxA,Death Drive Dialectics
UCLNw2JNuTUWFdilpzOXLa5A,http://www.youtube.com/channel/UCLNw2JNuTUWFdilpzOXLa5A,Bad Faith
UCMHtVwCWo88DFzF6PikFOfQ,http://www.youtube.com/channel/UCMHtVwCWo88DFzF6PikFOfQ,Kofie
UCMX31RavkfUHJvw03RbUZnA,http://www.youtube.com/channel/UCMX31RavkfUHJvw03RbUZnA,Nick Crowley
UCMXqRHe8n1TX5iDvkLS62rw,http://www.youtube.com/channel/UCMXqRHe8n1TX5iDvkLS62rw,Right Wing Watch
UCNRFvq0JOm5VqHIBDDQgkMA,http://www.youtube.com/channel/UCNRFvq0JOm5VqHIBDDQgkMA,TAETRO
UCNvsIonJdJ5E4EXMa65VYpA,http://www.youtube.com/channel/UCNvsIonJdJ5E4EXMa65VYpA,ContraPoints
UCOZZv7W5wToOEVzFBUe8z4A,http://www.youtube.com/channel/UCOZZv7W5wToOEVzFBUe8z4A,Max Koch
UCPSGGjY1tWmMd8O2WiEjgYg,http://www.youtube.com/channel/UCPSGGjY1tWmMd8O2WiEjgYg,overboardhumor
UCQghs3tMyfXBFIIpA7DI3eQ,http://www.youtube.com/channel/UCQghs3tMyfXBFIIpA7DI3eQ,DylanBurnsTV
UCRCOCvfOkoqneyQCbNOUPwg,http://www.youtube.com/channel/UCRCOCvfOkoqneyQCbNOUPwg,The FADER
UCTOimflPhFe_NSQsIsak-Lw,http://www.youtube.com/channel/UCTOimflPhFe_NSQsIsak-Lw,Barely Informed with Elad
UCTpif6xVVZpKIq4iSFYF-9g,http://www.youtube.com/channel/UCTpif6xVVZpKIq4iSFYF-9g,Mike From PA
UCUXBl9Kar4ty2WWR-EVy9OQ,http://www.youtube.com/channel/UCUXBl9Kar4ty2WWR-EVy9OQ,Frunkis
UCVGHs86ZELhWPeO2wFhym7A,http://www.youtube.com/channel/UCVGHs86ZELhWPeO2wFhym7A,Thinkpiece Tribe
UCVo63lbKHjC04KqYhwSZ_Pg,http://www.youtube.com/channel/UCVo63lbKHjC04KqYhwSZ_Pg,Defunctland
UCW6o9nlu8Exet640T5a2BOw,http://www.youtube.com/channel/UCW6o9nlu8Exet640T5a2BOw,HDContentdump03
UCWTFGPpNQ0Ms6afXhaWDiRw,http://www.youtube.com/channel/UCWTFGPpNQ0Ms6afXhaWDiRw,Now You See It
UCX6b17PVsYBQ0ip5gyeme-Q,http://www.youtube.com/channel/UCX6b17PVsYBQ0ip5gyeme-Q,CrashCourse
UCXGecfdP4LZs8BMSytOJJqA,http://www.youtube.com/channel/UCXGecfdP4LZs8BMSytOJJqA,Opie Radio
UCYUZ0gWRp_HQCVEz0OovuAg,http://www.youtube.com/channel/UCYUZ0gWRp_HQCVEz0OovuAg,Matt Orchard - Crime and Society
UCYwVxWpjeKFWwu8TML-Te9A,http://www.youtube.com/channel/UCYwVxWpjeKFWwu8TML-Te9A,JCS - Criminal Psychology
UCaN8DZdc8EHo5y1LsQWMiig,http://www.youtube.com/channel/UCaN8DZdc8EHo5y1LsQWMiig,Big Joel
UCb3cDvWiHwRzQaK81PrISbg,http://www.youtube.com/channel/UCb3cDvWiHwRzQaK81PrISbg,Leeja Miller
UCbRP3c757lWg9M-U7TyEkXA,http://www.youtube.com/channel/UCbRP3c757lWg9M-U7TyEkXA,Theo - t3․gg
UCbbsW7_Esx8QZ8PgJ13pGxw,http://www.youtube.com/channel/UCbbsW7_Esx8QZ8PgJ13pGxw,We're In Hell
UCc-0YpRpqgA5lPTpSQ5uo-Q,http://www.youtube.com/channel/UCc-0YpRpqgA5lPTpSQ5uo-Q,Audit the Audit
UCdDkCZx_lD9-K0YK5YYIUag,http://www.youtube.com/channel/UCdDkCZx_lD9-K0YK5YYIUag,K.Flay
UCeDKIj0G5XbultKOQnacu_w,http://www.youtube.com/channel/UCeDKIj0G5XbultKOQnacu_w,José
UCeTfBygNb1TahcNpZyELO8g,http://www.youtube.com/channel/UCeTfBygNb1TahcNpZyELO8g,Jacob Geller
UChnxLLvzviaR5NeKOevB8iQ,http://www.youtube.com/channel/UChnxLLvzviaR5NeKOevB8iQ,Red Means Recording
UCiPavLqvIE5-AwFrUGuMYyw,http://www.youtube.com/channel/UCiPavLqvIE5-AwFrUGuMYyw,Shkreli Planet
UCiZJcN2gj2_BviCdVl7mv2w,http://www.youtube.com/channel/UCiZJcN2gj2_BviCdVl7mv2w,Feed Nana Media
UCimiUgDLbi6P17BdaCZpVbg,http://www.youtube.com/channel/UCimiUgDLbi6P17BdaCZpVbg,exurb1a
UCjNxszyFPasDdRoD9J6X-sw,http://www.youtube.com/channel/UCjNxszyFPasDdRoD9J6X-sw,INTO THE FRAY
UCjz2Rt-j4-KuCe_F9ieWnAg,http://www.youtube.com/channel/UCjz2Rt-j4-KuCe_F9ieWnAg,James Adomian
UCk8EYeANNNa5sUfDK2Ueg7Q,http://www.youtube.com/channel/UCk8EYeANNNa5sUfDK2Ueg7Q,Hasanabi Time
UCl3rmxMy3jve258MWakVXeA,http://www.youtube.com/channel/UCl3rmxMy3jve258MWakVXeA,The Amateur
UCmYesELO6axBrCuSpf7S9DQ,http://www.youtube.com/channel/UCmYesELO6axBrCuSpf7S9DQ,Mr. Beat
UCn8zNIfYAQNdrFRrr8oibKw,http://www.youtube.com/channel/UCn8zNIfYAQNdrFRrr8oibKw,VICE
UCnhkK3mHzGUTu-yXfmerRmw,http://www.youtube.com/channel/UCnhkK3mHzGUTu-yXfmerRmw,Julian Dorey Daily
UCnxQ8o9RpqxGF2oLHcCn9VQ,http://www.youtube.com/channel/UCnxQ8o9RpqxGF2oLHcCn9VQ,fantano
UCokqzNPBJ65raczldVuHAww,http://www.youtube.com/channel/UCokqzNPBJ65raczldVuHAww,Chapo Trap House
UCpa-Zb0ZcQjTCPP1Dx_1M8Q,http://www.youtube.com/channel/UCpa-Zb0ZcQjTCPP1Dx_1M8Q,LegalEagle
UCqU_vPg5x9rULpjxunpW-vg,http://www.youtube.com/channel/UCqU_vPg5x9rULpjxunpW-vg,Acid Marxist
UCqsq-k2LLwJ-UM77pLrEbHw,http://www.youtube.com/channel/UCqsq-k2LLwJ-UM77pLrEbHw,Daily Dose of HasanAbi
UCrH_7K2seB3TfrX9JA05tbA,http://www.youtube.com/channel/UCrH_7K2seB3TfrX9JA05tbA,charliezzz
UCrXaZi70VczA34AotejlH1A,http://www.youtube.com/channel/UCrXaZi70VczA34AotejlH1A,Dan Frank
UCrq3JYirgV-BLluzTF6X_7A,http://www.youtube.com/channel/UCrq3JYirgV-BLluzTF6X_7A,STRANGE ÆONS
UCrr7y8rEXb7_RiVniwvzk9w,http://www.youtube.com/channel/UCrr7y8rEXb7_RiVniwvzk9w,Thought Slime
UCs9WfIvLdL0WSAFaRl9FOAQ,http://www.youtube.com/channel/UCs9WfIvLdL0WSAFaRl9FOAQ,Beige Frequency
UCse6QIKj-dHMWgKSmag8JUA,http://www.youtube.com/channel/UCse6QIKj-dHMWgKSmag8JUA,Ghostface Killah
UCt7fwAhXDy3oNFTAzF2o8Pw,http://www.youtube.com/channel/UCt7fwAhXDy3oNFTAzF2o8Pw,theneedledrop
UCtinbF-Q-fVthA0qrFQTgXQ,http://www.youtube.com/channel/UCtinbF-Q-fVthA0qrFQTgXQ,CaseyNeistat
UCtoaZpBnrd0lhycxYJ4MNOQ,http://www.youtube.com/channel/UCtoaZpBnrd0lhycxYJ4MNOQ,HasanAbi
UCuCkxoKLYO_EQ2GeFtbM_bw,http://www.youtube.com/channel/UCuCkxoKLYO_EQ2GeFtbM_bw,Half as Interesting
UCuo9VyowIT-ljA5G2ZuC6Yw,http://www.youtube.com/channel/UCuo9VyowIT-ljA5G2ZuC6Yw,Eddy Burback
UCupvZG-5ko_eiXAupbDfxWw,http://www.youtube.com/channel/UCupvZG-5ko_eiXAupbDfxWw,CNN
UCv6G61MipNKwpi7707l42EQ,http://www.youtube.com/channel/UCv6G61MipNKwpi7707l42EQ,DJ Peach Cobbler
UCvN9kbIqjRhWaE0GVBLWi0w,http://www.youtube.com/channel/UCvN9kbIqjRhWaE0GVBLWi0w,HasanAbi Archive
UCvixJtaXuNdMPUGdOPcY8Ag,http://www.youtube.com/channel/UCvixJtaXuNdMPUGdOPcY8Ag,David Pakman Show
UCvlj0IzjSnNoduQF0l3VGng,http://www.youtube.com/channel/UCvlj0IzjSnNoduQF0l3VGng,Some More News
UCxHcoI9ndIdAihEB7ODTOfQ,http://www.youtube.com/channel/UCxHcoI9ndIdAihEB7ODTOfQ,Trash Theory
UCyNtlmLB73-7gtlBz00XOQQ,http://www.youtube.com/channel/UCyNtlmLB73-7gtlBz00XOQQ,Folding Ideas
UCyWDmyZRjrGHeKF-ofFsT5Q,http://www.youtube.com/channel/UCyWDmyZRjrGHeKF-ofFsT5Q,Internet Comment Etiquette with Erik
UCz0HITWbcUYEHi3TZXTyFrw,http://www.youtube.com/channel/UCz0HITWbcUYEHi3TZXTyFrw,CLR Bruce Rivers
UCz2n05fvYYoVTrhq1ZUnyHA,http://www.youtube.com/channel/UCz2n05fvYYoVTrhq1ZUnyHA,HasanAbi Industries (Fan Channel)
UCzb3awiPsRt_xYnDp60DE5w,http://www.youtube.com/channel/UCzb3awiPsRt_xYnDp60DE5w,VideOandA





